,TBE6-bin-01,TBE6-bin-02,TBE6-bin-03,TBE6-bin-05,TBE6-bin-10
TBE6-bin-01,0.0,0.111111111111,0.242424242424,0.0505050505051,0.373737373737
TBE6-bin-02,0.282608695652,0.0,0.413043478261,0.282608695652,0.54347826087
TBE6-bin-03,0.1875,0.2125,0.0,0.225,0.3
TBE6-bin-05,0.0412371134021,0.113402061856,0.216494845361,0.0,0.371134020619
TBE6-bin-10,0.116279069767,0.104651162791,0.0116279069767,0.104651162791,0.0
