,acI,acIII,acIV,acMicro,acTH2,acV,Luna1
acI,1.0,0.684684684685,0.612612612613,0.585585585586,0.513513513514,0.63963963964,0.621621621622
acIII,0.73786407767,1.0,0.757281553398,0.68932038835,0.592233009709,0.631067961165,0.699029126214
acIV,0.641509433962,0.735849056604,1.0,0.584905660377,0.575471698113,0.72641509434,0.584905660377
acMicro,0.755813953488,0.825581395349,0.720930232558,1.0,0.755813953488,0.709302325581,0.813953488372
acTH2,0.619565217391,0.663043478261,0.663043478261,0.70652173913,1.0,0.663043478261,0.663043478261
acV,0.755319148936,0.691489361702,0.81914893617,0.648936170213,0.648936170213,1.0,0.63829787234
Luna1,0.851851851852,0.888888888889,0.765432098765,0.864197530864,0.753086419753,0.740740740741,1.0
