,acI-A,acI-B,acI-C,acIV-A,acIV-B,acTH2-A,Luna1-A
acI-A,1.0,0.958333333333,0.625,0.291666666667,0.666666666667,0.583333333333,0.6875
acI-B,0.821428571429,1.0,0.526785714286,0.267857142857,0.642857142857,0.517857142857,0.625
acI-C,0.857142857143,0.842857142857,1.0,0.428571428571,0.542857142857,0.428571428571,0.571428571429
acIV-A,0.595744680851,0.63829787234,0.63829787234,1.0,0.617021276596,0.404255319149,0.425531914894
acIV-B,0.621359223301,0.699029126214,0.368932038835,0.281553398058,1.0,0.533980582524,0.553398058252
acTH2-A,0.608695652174,0.630434782609,0.326086956522,0.20652173913,0.597826086957,1.0,0.663043478261
Luna1-A,0.814814814815,0.864197530864,0.493827160494,0.246913580247,0.703703703704,0.753086419753,1.0
