,acI,acIII,acIV,acMicro,acTH2,acV,Luna1
acI,0.0,0.153846153846,0.166666666667,0.121794871795,0.173076923077,0.121794871795,0.121794871795
acIII,0.0714285714286,0.0,0.114285714286,0.0285714285714,0.0857142857143,0.107142857143,0.0428571428571
acIV,0.0675675675676,0.121621621622,0.0,0.0202702702703,0.0472972972973,0.0405405405405,0.0472972972973
acMicro,0.163265306122,0.15306122449,0.204081632653,0.0,0.163265306122,0.204081632653,0.0918367346939
acTH2,0.198412698413,0.206349206349,0.190476190476,0.142857142857,0.0,0.198412698413,0.190476190476
acV,0.0629921259843,0.165354330709,0.0944881889764,0.0708661417323,0.0787401574803,0.0,0.0866141732283
Luna1,0.0608695652174,0.0782608695652,0.104347826087,0.0,0.095652173913,0.121739130435,0.0
