,acI-A,acI-B,acI-C,acIV-A,acIV-B,acTH2-A,Luna1-A
acI-A,0.0,0.842560553633,0.678200692042,0.451557093426,0.188581314879,0.702422145329,0.167820069204
acI-B,0.254385964912,0.0,0.175438596491,0.175438596491,0.236842105263,0.30701754386,0.245614035088
acI-C,0.210526315789,0.407894736842,0.0,0.368421052632,0.25,0.578947368421,0.276315789474
acIV-A,0.261904761905,0.47619047619,0.52380952381,0.0,0.309523809524,0.380952380952,0.119047619048
acIV-B,0.0902934537246,0.832957110609,0.693002257336,0.507900677201,0.0,0.774266365688,0.10835214447
acTH2-A,0.197530864198,0.283950617284,0.259259259259,0.0493827160494,0.234567901235,0.0,0.246913580247
Luna1-A,0.0561122244489,0.765531062124,0.64128256513,0.436873747495,0.0941883767535,0.717434869739,0.0
