,acI-A,acI-B,acI-C,acIV-A,acIV-B,acTH2-A,Luna1-A
acI-A,0.0,0.020618556701,0.0,0.144329896907,0.19587628866,0.257731958763,0.185567010309
acI-B,0.0265486725664,0.0,0.00884955752212,0.12389380531,0.159292035398,0.203539823009,0.150442477876
acI-C,0.12676056338,0.140845070423,0.0,0.211267605634,0.352112676056,0.422535211268,0.352112676056
acIV-A,0.31914893617,0.31914893617,0.234042553191,0.0,0.382978723404,0.404255319149,0.446808510638
acIV-B,0.0865384615385,0.0961538461538,0.0480769230769,0.00961538461538,0.0,0.0961538461538,0.153846153846
acTH2-A,0.268817204301,0.247311827957,0.225806451613,0.0645161290323,0.204301075269,0.0,0.258064516129
Luna1-A,0.0617283950617,0.037037037037,0.0246913580247,0.0987654320988,0.148148148148,0.111111111111,0.0
