,acI,acIII,acIV,acMicro,acTH2,acV,Luna1
acI,0.0,0.362068965517,0.379310344828,0.327586206897,0.456896551724,0.155172413793,0.258620689655
acIII,0.376237623762,0.0,0.405940594059,0.376237623762,0.465346534653,0.0891089108911,0.326732673267
acIV,0.445544554455,0.39603960396,0.0,0.29702970297,0.366336633663,0.108910891089,0.376237623762
acMicro,0.392857142857,0.428571428571,0.416666666667,0.0,0.238095238095,0.119047619048,0.202380952381
acTH2,0.518518518519,0.506172839506,0.407407407407,0.246913580247,0.0,0.0987654320988,0.246913580247
acV,0.831973898858,0.799347471452,0.835236541599,0.783034257749,0.745513866232,0.0,0.26427406199
Luna1,0.783567134269,0.821643286573,0.847695390782,0.755511022044,0.717434869739,0.0420841683367,0.0
