,acI-A,acI-B,acI-C,acIV-A,acIV-B,acTH2-A,Luna1-A
acI-A,1.0,0.68427675902,0.379431931429,0.147742817827,0.575622088322,0.379409910371,0.650010992108
acI-B,0.64150943058,1.0,0.381132079067,0.207547171769,0.584905665895,0.452830192951,0.579245288483
acI-C,0.76923076213,0.630769250178,1.0,0.261538469586,0.702564113925,0.288461547337,0.738461561183
acIV-A,0.67647057872,0.647058842561,0.500000014706,1.0,0.617647047578,0.53921569233,0.852941172145
acIV-B,0.644444714486,0.576511416191,0.285688951201,0.190365528744,1.0,0.443424335773,0.605801943492
acTH2-A,0.710526311981,0.625000008224,0.243421042677,0.276315793109,0.605263165859,1.0,0.723684220048
Luna1-A,0.745165839692,0.62067839371,0.3929819666,0.190541297195,0.604437905707,0.506845357376,1.0
